<?xml version="1.0" encoding="UTF-8"?>
<ivy-module version="2.0" xmlns:m="http://ant.apache.org/ivy/maven">
	<info organisation="com.fasterxml.jackson"
		module="jackson-bom"
		revision="2.17.2"
		status="release"
		publication="20240705164848"
	>
		<license name="Apache License, Version 2.0" url="http://www.apache.org/licenses/LICENSE-2.0.txt" />
		<description homepage="https://github.com/FasterXML/jackson-bom">
		Bill of Materials pom for getting full, complete set of compatible versions
of Jackson components maintained by FasterXML.com
		</description>
		<m:properties__jackson.version.module.kotlin>${jackson.version.module}</m:properties__jackson.version.module.kotlin>
		<m:properties__jackson.version>2.17.2</m:properties__jackson.version>
		<m:properties__jackson.version.datatype>${jackson.version}</m:properties__jackson.version.datatype>
		<m:properties__jackson.version.databind>${jackson.version}</m:properties__jackson.version.databind>
		<m:properties__javax.activation.version>1.2.0</m:properties__javax.activation.version>
		<m:properties__jackson.version.annotations>${jackson.version}</m:properties__jackson.version.annotations>
		<m:properties__jackson.version.module.scala>${jackson.version.module}</m:properties__jackson.version.module.scala>
		<m:properties__jackson.version.core>${jackson.version}</m:properties__jackson.version.core>
		<m:properties__jackson.version.jaxrs>${jackson.version}</m:properties__jackson.version.jaxrs>
		<m:properties__project.build.outputTimestamp>2024-07-05T16:48:23Z</m:properties__project.build.outputTimestamp>
		<m:properties__jackson.version.dataformat>${jackson.version}</m:properties__jackson.version.dataformat>
		<m:properties__jackson.version.module>${jackson.version}</m:properties__jackson.version.module>
		<m:properties__jackson.version.jacksonjr>${jackson.version}</m:properties__jackson.version.jacksonjr>
		<m:properties__jackson.version.jakarta.rs>${jackson.version}</m:properties__jackson.version.jakarta.rs>
		<m:properties__javac.src.version>1.8</m:properties__javac.src.version>
		<m:properties__packageVersion.template.input>${basedir}/src/main/java/${packageVersion.dir}/PackageVersion.java.in</m:properties__packageVersion.template.input>
		<m:properties__maven.compiler.target>${javac.target.version}</m:properties__maven.compiler.target>
		<m:properties__javac.target.version>1.8</m:properties__javac.target.version>
		<m:properties__maven.compiler.source>${javac.src.version}</m:properties__maven.compiler.source>
		<m:properties__javac.debuglevel>lines,source,vars</m:properties__javac.debuglevel>
		<m:properties__packageVersion.template.output>${generatedSourcesDir}/${packageVersion.dir}/PackageVersion.java</m:properties__packageVersion.template.output>
		<m:properties__osgi.includeResource>{maven-resources}</m:properties__osgi.includeResource>
		<m:properties__osgi.private/>
		<m:properties__version.plugin.clean>3.3.2</m:properties__version.plugin.clean>
		<m:properties__version.assertj>3.24.2</m:properties__version.assertj>
		<m:properties__osgi.import>*</m:properties__osgi.import>
		<m:properties__version.plugin.javadoc>3.6.2</m:properties__version.plugin.javadoc>
		<m:properties__version.plugin.dependency>3.6.1</m:properties__version.plugin.dependency>
		<m:properties__version.plugin.source>3.3.0</m:properties__version.plugin.source>
		<m:properties__javadoc.maxmemory>1g</m:properties__javadoc.maxmemory>
		<m:properties__version.plugin.cobertura>2.7</m:properties__version.plugin.cobertura>
		<m:properties__project.build.resourceEncoding>UTF-8</m:properties__project.build.resourceEncoding>
		<m:properties__osgi.export>${project.groupId}.*;version=${project.version}</m:properties__osgi.export>
		<m:properties__version.plugin.surefire>3.2.5</m:properties__version.plugin.surefire>
		<m:properties__version.plugin.release>3.0.1</m:properties__version.plugin.release>
		<m:properties__maven.build.timestamp.format>yyyy-MM-dd HH:mm:ssZ</m:properties__maven.build.timestamp.format>
		<m:properties__osgi.requiredExecutionEnvironment/>
		<m:properties__project.build.sourceEncoding>UTF-8</m:properties__project.build.sourceEncoding>
		<m:properties__osgi.versionpolicy>${range;[===,=+);${@}}</m:properties__osgi.versionpolicy>
		<m:properties__version.plugin.resources>3.3.1</m:properties__version.plugin.resources>
		<m:properties__version.plugin.moditect>1.1.0</m:properties__version.plugin.moditect>
		<m:properties__version.plugin.scm>2.0.1</m:properties__version.plugin.scm>
		<m:properties__version.plugin.gpg>3.1.0</m:properties__version.plugin.gpg>
		<m:properties__version.plugin.site>4.0.0-M11</m:properties__version.plugin.site>
		<m:properties__version.junit>4.13.2</m:properties__version.junit>
		<m:properties__version.plugin.wrapper>3.2.0</m:properties__version.plugin.wrapper>
		<m:properties__version.plugin.enforcer>3.4.1</m:properties__version.plugin.enforcer>
		<m:properties__version.plugin.install>3.1.1</m:properties__version.plugin.install>
		<m:properties__version.junit5>5.10.2</m:properties__version.junit5>
		<m:properties__generatedSourcesDir>${project.build.directory}/generated-sources</m:properties__generatedSourcesDir>
		<m:properties__version.plugin.jacoco>0.8.11</m:properties__version.plugin.jacoco>
		<m:properties__version.plugin.deploy>3.1.1</m:properties__version.plugin.deploy>
		<m:properties__version.plugin.jar>3.3.0</m:properties__version.plugin.jar>
		<m:properties__project.reporting.outputEncoding>UTF-8</m:properties__project.reporting.outputEncoding>
		<m:properties__osgi.mainClass/>
		<m:properties__version.plugin.bundle>5.1.9</m:properties__version.plugin.bundle>
		<m:properties__version.plugin.replacer>1.5.3</m:properties__version.plugin.replacer>
		<m:properties__version.plugin.shade>3.5.1</m:properties__version.plugin.shade>
		<m:properties__version.plugin.pmd>3.21.2</m:properties__version.plugin.pmd>
		<m:properties__osgi.dynamicImport/>
		<m:properties__version.plugin.compiler>3.12.1</m:properties__version.plugin.compiler>
		<m:maven.plugins>org.codehaus.mojo__build-helper-maven-plugin__null|org.jacoco__jacoco-maven-plugin__0.8.11|org.apache.maven.plugins__maven-compiler-plugin__3.12.1|org.apache.maven.plugins__maven-enforcer-plugin__3.4.1|org.apache.felix__maven-bundle-plugin__null|org.apache.maven.plugins__maven-jar-plugin__3.3.0|org.apache.maven.plugins__maven-scm-plugin__2.0.1|org.apache.maven.plugins__maven-site-plugin__null|org.apache.maven.plugins__maven-surefire-plugin__3.2.5|org.codehaus.mojo__build-helper-maven-plugin__null|org.jacoco__jacoco-maven-plugin__0.8.11|org.apache.maven.plugins__maven-compiler-plugin__3.12.1|org.apache.maven.plugins__maven-enforcer-plugin__3.4.1|org.apache.felix__maven-bundle-plugin__null|org.apache.maven.plugins__maven-jar-plugin__3.3.0|org.apache.maven.plugins__maven-scm-plugin__2.0.1|org.apache.maven.plugins__maven-site-plugin__null|org.apache.maven.plugins__maven-surefire-plugin__3.2.5|org.codehaus.mojo__build-helper-maven-plugin__null|org.jacoco__jacoco-maven-plugin__0.8.11|org.apache.maven.plugins__maven-compiler-plugin__3.12.1|org.apache.maven.plugins__maven-enforcer-plugin__3.4.1|org.apache.felix__maven-bundle-plugin__null|org.apache.maven.plugins__maven-jar-plugin__3.3.0|org.apache.maven.plugins__maven-scm-plugin__2.0.1|org.apache.maven.plugins__maven-site-plugin__null|org.apache.maven.plugins__maven-surefire-plugin__3.2.5|org.codehaus.mojo__build-helper-maven-plugin__null|org.jacoco__jacoco-maven-plugin__0.8.11|org.apache.maven.plugins__maven-compiler-plugin__3.12.1|org.apache.maven.plugins__maven-enforcer-plugin__3.4.1|org.apache.felix__maven-bundle-plugin__null|org.apache.maven.plugins__maven-jar-plugin__3.3.0|org.apache.maven.plugins__maven-scm-plugin__2.0.1|org.apache.maven.plugins__maven-site-plugin__null|org.apache.maven.plugins__maven-surefire-plugin__3.2.5</m:maven.plugins>
		<m:dependency.management__com.fasterxml.jackson.core__jackson-annotations__version>2.17.2</m:dependency.management__com.fasterxml.jackson.core__jackson-annotations__version>
		<m:dependency.management__com.fasterxml.jackson.core__jackson-core__version>2.17.2</m:dependency.management__com.fasterxml.jackson.core__jackson-core__version>
		<m:dependency.management__com.fasterxml.jackson.core__jackson-databind__version>2.17.2</m:dependency.management__com.fasterxml.jackson.core__jackson-databind__version>
		<m:dependency.management__com.fasterxml.jackson.dataformat__jackson-dataformat-avro__version>2.17.2</m:dependency.management__com.fasterxml.jackson.dataformat__jackson-dataformat-avro__version>
		<m:dependency.management__com.fasterxml.jackson.dataformat__jackson-dataformat-cbor__version>2.17.2</m:dependency.management__com.fasterxml.jackson.dataformat__jackson-dataformat-cbor__version>
		<m:dependency.management__com.fasterxml.jackson.dataformat__jackson-dataformat-csv__version>2.17.2</m:dependency.management__com.fasterxml.jackson.dataformat__jackson-dataformat-csv__version>
		<m:dependency.management__com.fasterxml.jackson.dataformat__jackson-dataformat-ion__version>2.17.2</m:dependency.management__com.fasterxml.jackson.dataformat__jackson-dataformat-ion__version>
		<m:dependency.management__com.fasterxml.jackson.dataformat__jackson-dataformat-properties__version>2.17.2</m:dependency.management__com.fasterxml.jackson.dataformat__jackson-dataformat-properties__version>
		<m:dependency.management__com.fasterxml.jackson.dataformat__jackson-dataformat-protobuf__version>2.17.2</m:dependency.management__com.fasterxml.jackson.dataformat__jackson-dataformat-protobuf__version>
		<m:dependency.management__com.fasterxml.jackson.dataformat__jackson-dataformat-smile__version>2.17.2</m:dependency.management__com.fasterxml.jackson.dataformat__jackson-dataformat-smile__version>
		<m:dependency.management__com.fasterxml.jackson.dataformat__jackson-dataformat-toml__version>2.17.2</m:dependency.management__com.fasterxml.jackson.dataformat__jackson-dataformat-toml__version>
		<m:dependency.management__com.fasterxml.jackson.dataformat__jackson-dataformat-xml__version>2.17.2</m:dependency.management__com.fasterxml.jackson.dataformat__jackson-dataformat-xml__version>
		<m:dependency.management__com.fasterxml.jackson.dataformat__jackson-dataformat-yaml__version>2.17.2</m:dependency.management__com.fasterxml.jackson.dataformat__jackson-dataformat-yaml__version>
		<m:dependency.management__com.fasterxml.jackson.datatype__jackson-datatype-eclipse-collections__version>2.17.2</m:dependency.management__com.fasterxml.jackson.datatype__jackson-datatype-eclipse-collections__version>
		<m:dependency.management__com.fasterxml.jackson.datatype__jackson-datatype-guava__version>2.17.2</m:dependency.management__com.fasterxml.jackson.datatype__jackson-datatype-guava__version>
		<m:dependency.management__com.fasterxml.jackson.datatype__jackson-datatype-hibernate4__version>2.17.2</m:dependency.management__com.fasterxml.jackson.datatype__jackson-datatype-hibernate4__version>
		<m:dependency.management__com.fasterxml.jackson.datatype__jackson-datatype-hibernate5__version>2.17.2</m:dependency.management__com.fasterxml.jackson.datatype__jackson-datatype-hibernate5__version>
		<m:dependency.management__com.fasterxml.jackson.datatype__jackson-datatype-hibernate5-jakarta__version>2.17.2</m:dependency.management__com.fasterxml.jackson.datatype__jackson-datatype-hibernate5-jakarta__version>
		<m:dependency.management__com.fasterxml.jackson.datatype__jackson-datatype-hibernate6__version>2.17.2</m:dependency.management__com.fasterxml.jackson.datatype__jackson-datatype-hibernate6__version>
		<m:dependency.management__com.fasterxml.jackson.datatype__jackson-datatype-hppc__version>2.17.2</m:dependency.management__com.fasterxml.jackson.datatype__jackson-datatype-hppc__version>
		<m:dependency.management__com.fasterxml.jackson.datatype__jackson-datatype-jakarta-jsonp__version>2.17.2</m:dependency.management__com.fasterxml.jackson.datatype__jackson-datatype-jakarta-jsonp__version>
		<m:dependency.management__com.fasterxml.jackson.datatype__jackson-datatype-jaxrs__version>2.17.2</m:dependency.management__com.fasterxml.jackson.datatype__jackson-datatype-jaxrs__version>
		<m:dependency.management__com.fasterxml.jackson.datatype__jackson-datatype-joda__version>2.17.2</m:dependency.management__com.fasterxml.jackson.datatype__jackson-datatype-joda__version>
		<m:dependency.management__com.fasterxml.jackson.datatype__jackson-datatype-joda-money__version>2.17.2</m:dependency.management__com.fasterxml.jackson.datatype__jackson-datatype-joda-money__version>
		<m:dependency.management__com.fasterxml.jackson.datatype__jackson-datatype-jdk8__version>2.17.2</m:dependency.management__com.fasterxml.jackson.datatype__jackson-datatype-jdk8__version>
		<m:dependency.management__com.fasterxml.jackson.datatype__jackson-datatype-json-org__version>2.17.2</m:dependency.management__com.fasterxml.jackson.datatype__jackson-datatype-json-org__version>
		<m:dependency.management__com.fasterxml.jackson.datatype__jackson-datatype-jsr310__version>2.17.2</m:dependency.management__com.fasterxml.jackson.datatype__jackson-datatype-jsr310__version>
		<m:dependency.management__com.fasterxml.jackson.datatype__jackson-datatype-jsr353__version>2.17.2</m:dependency.management__com.fasterxml.jackson.datatype__jackson-datatype-jsr353__version>
		<m:dependency.management__com.fasterxml.jackson.datatype__jackson-datatype-pcollections__version>2.17.2</m:dependency.management__com.fasterxml.jackson.datatype__jackson-datatype-pcollections__version>
		<m:dependency.management__com.fasterxml.jackson.jaxrs__jackson-jaxrs-base__version>2.17.2</m:dependency.management__com.fasterxml.jackson.jaxrs__jackson-jaxrs-base__version>
		<m:dependency.management__com.fasterxml.jackson.jaxrs__jackson-jaxrs-cbor-provider__version>2.17.2</m:dependency.management__com.fasterxml.jackson.jaxrs__jackson-jaxrs-cbor-provider__version>
		<m:dependency.management__com.fasterxml.jackson.jaxrs__jackson-jaxrs-json-provider__version>2.17.2</m:dependency.management__com.fasterxml.jackson.jaxrs__jackson-jaxrs-json-provider__version>
		<m:dependency.management__com.fasterxml.jackson.jaxrs__jackson-jaxrs-smile-provider__version>2.17.2</m:dependency.management__com.fasterxml.jackson.jaxrs__jackson-jaxrs-smile-provider__version>
		<m:dependency.management__com.fasterxml.jackson.jaxrs__jackson-jaxrs-xml-provider__version>2.17.2</m:dependency.management__com.fasterxml.jackson.jaxrs__jackson-jaxrs-xml-provider__version>
		<m:dependency.management__com.fasterxml.jackson.jaxrs__jackson-jaxrs-yaml-provider__version>2.17.2</m:dependency.management__com.fasterxml.jackson.jaxrs__jackson-jaxrs-yaml-provider__version>
		<m:dependency.management__com.fasterxml.jackson.jakarta.rs__jackson-jakarta-rs-base__version>2.17.2</m:dependency.management__com.fasterxml.jackson.jakarta.rs__jackson-jakarta-rs-base__version>
		<m:dependency.management__com.fasterxml.jackson.jakarta.rs__jackson-jakarta-rs-cbor-provider__version>2.17.2</m:dependency.management__com.fasterxml.jackson.jakarta.rs__jackson-jakarta-rs-cbor-provider__version>
		<m:dependency.management__com.fasterxml.jackson.jakarta.rs__jackson-jakarta-rs-json-provider__version>2.17.2</m:dependency.management__com.fasterxml.jackson.jakarta.rs__jackson-jakarta-rs-json-provider__version>
		<m:dependency.management__com.fasterxml.jackson.jakarta.rs__jackson-jakarta-rs-smile-provider__version>2.17.2</m:dependency.management__com.fasterxml.jackson.jakarta.rs__jackson-jakarta-rs-smile-provider__version>
		<m:dependency.management__com.fasterxml.jackson.jakarta.rs__jackson-jakarta-rs-xml-provider__version>2.17.2</m:dependency.management__com.fasterxml.jackson.jakarta.rs__jackson-jakarta-rs-xml-provider__version>
		<m:dependency.management__com.fasterxml.jackson.jakarta.rs__jackson-jakarta-rs-yaml-provider__version>2.17.2</m:dependency.management__com.fasterxml.jackson.jakarta.rs__jackson-jakarta-rs-yaml-provider__version>
		<m:dependency.management__com.fasterxml.jackson.jr__jackson-jr-all__version>2.17.2</m:dependency.management__com.fasterxml.jackson.jr__jackson-jr-all__version>
		<m:dependency.management__com.fasterxml.jackson.jr__jackson-jr-annotation-support__version>2.17.2</m:dependency.management__com.fasterxml.jackson.jr__jackson-jr-annotation-support__version>
		<m:dependency.management__com.fasterxml.jackson.jr__jackson-jr-extension-javatime__version>2.17.2</m:dependency.management__com.fasterxml.jackson.jr__jackson-jr-extension-javatime__version>
		<m:dependency.management__com.fasterxml.jackson.jr__jackson-jr-objects__version>2.17.2</m:dependency.management__com.fasterxml.jackson.jr__jackson-jr-objects__version>
		<m:dependency.management__com.fasterxml.jackson.jr__jackson-jr-retrofit2__version>2.17.2</m:dependency.management__com.fasterxml.jackson.jr__jackson-jr-retrofit2__version>
		<m:dependency.management__com.fasterxml.jackson.jr__jackson-jr-stree__version>2.17.2</m:dependency.management__com.fasterxml.jackson.jr__jackson-jr-stree__version>
		<m:dependency.management__com.fasterxml.jackson.module__jackson-module-afterburner__version>2.17.2</m:dependency.management__com.fasterxml.jackson.module__jackson-module-afterburner__version>
		<m:dependency.management__com.fasterxml.jackson.module__jackson-module-android-record__version>2.17.2</m:dependency.management__com.fasterxml.jackson.module__jackson-module-android-record__version>
		<m:dependency.management__com.fasterxml.jackson.module__jackson-module-blackbird__version>2.17.2</m:dependency.management__com.fasterxml.jackson.module__jackson-module-blackbird__version>
		<m:dependency.management__com.fasterxml.jackson.module__jackson-module-guice__version>2.17.2</m:dependency.management__com.fasterxml.jackson.module__jackson-module-guice__version>
		<m:dependency.management__com.fasterxml.jackson.module__jackson-module-guice7__version>2.17.2</m:dependency.management__com.fasterxml.jackson.module__jackson-module-guice7__version>
		<m:dependency.management__com.fasterxml.jackson.module__jackson-module-jaxb-annotations__version>2.17.2</m:dependency.management__com.fasterxml.jackson.module__jackson-module-jaxb-annotations__version>
		<m:dependency.management__com.fasterxml.jackson.module__jackson-module-jakarta-xmlbind-annotations__version>2.17.2</m:dependency.management__com.fasterxml.jackson.module__jackson-module-jakarta-xmlbind-annotations__version>
		<m:dependency.management__com.fasterxml.jackson.module__jackson-module-jsonSchema__version>2.17.2</m:dependency.management__com.fasterxml.jackson.module__jackson-module-jsonSchema__version>
		<m:dependency.management__com.fasterxml.jackson.module__jackson-module-jsonSchema-jakarta__version>2.17.2</m:dependency.management__com.fasterxml.jackson.module__jackson-module-jsonSchema-jakarta__version>
		<m:dependency.management__com.fasterxml.jackson.module__jackson-module-kotlin__version>2.17.2</m:dependency.management__com.fasterxml.jackson.module__jackson-module-kotlin__version>
		<m:dependency.management__com.fasterxml.jackson.module__jackson-module-mrbean__version>2.17.2</m:dependency.management__com.fasterxml.jackson.module__jackson-module-mrbean__version>
		<m:dependency.management__com.fasterxml.jackson.module__jackson-module-no-ctor-deser__version>2.17.2</m:dependency.management__com.fasterxml.jackson.module__jackson-module-no-ctor-deser__version>
		<m:dependency.management__com.fasterxml.jackson.module__jackson-module-osgi__version>2.17.2</m:dependency.management__com.fasterxml.jackson.module__jackson-module-osgi__version>
		<m:dependency.management__com.fasterxml.jackson.module__jackson-module-parameter-names__version>2.17.2</m:dependency.management__com.fasterxml.jackson.module__jackson-module-parameter-names__version>
		<m:dependency.management__com.fasterxml.jackson.module__jackson-module-paranamer__version>2.17.2</m:dependency.management__com.fasterxml.jackson.module__jackson-module-paranamer__version>
		<m:dependency.management__com.fasterxml.jackson.module__jackson-module-scala_2.11__version>2.17.2</m:dependency.management__com.fasterxml.jackson.module__jackson-module-scala_2.11__version>
		<m:dependency.management__com.fasterxml.jackson.module__jackson-module-scala_2.12__version>2.17.2</m:dependency.management__com.fasterxml.jackson.module__jackson-module-scala_2.12__version>
		<m:dependency.management__com.fasterxml.jackson.module__jackson-module-scala_2.13__version>2.17.2</m:dependency.management__com.fasterxml.jackson.module__jackson-module-scala_2.13__version>
		<m:dependency.management__com.fasterxml.jackson.module__jackson-module-scala_3__version>2.17.2</m:dependency.management__com.fasterxml.jackson.module__jackson-module-scala_3__version>
	</info>
	<configurations>
		<conf name="default" visibility="public" description="runtime dependencies and master artifact can be used with this conf" extends="runtime,master"/>
		<conf name="master" visibility="public" description="contains only the artifact published by this module itself, with no transitive dependencies"/>
		<conf name="compile" visibility="public" description="this is the default scope, used if none is specified. Compile dependencies are available in all classpaths."/>
		<conf name="provided" visibility="public" description="this is much like compile, but indicates you expect the JDK or a container to provide it. It is only available on the compilation classpath, and is not transitive."/>
		<conf name="runtime" visibility="public" description="this scope indicates that the dependency is not required for compilation, but is for execution. It is in the runtime and test classpaths, but not the compile classpath." extends="compile"/>
		<conf name="test" visibility="public" description="this scope indicates that the dependency is not required for normal use of the application, and is only available for the test compilation and execution phases." extends="runtime"/>
		<conf name="system" visibility="public" description="this scope is similar to provided except that you have to provide the JAR which contains it explicitly. The artifact is always available and is not looked up in a repository."/>
		<conf name="sources" visibility="public" description="this configuration contains the source artifact of this module, if any."/>
		<conf name="javadoc" visibility="public" description="this configuration contains the javadoc artifact of this module, if any."/>
		<conf name="optional" visibility="public" description="contains all optional dependencies"/>
	</configurations>
	<publications>
	</publications>
</ivy-module>
