<?xml version="1.0" encoding="UTF-8"?>
<ivy-module version="2.0" xmlns:m="http://ant.apache.org/ivy/maven">
	<info organisation="org.mockito"
		module="mockito-bom"
		revision="4.11.0"
		status="release"
		publication="20221228130631"
	>
		<license name="The MIT License" url="https://github.com/mockito/mockito/blob/main/LICENSE" />
		<description homepage="https://github.com/mockito/mockito">
		Mockito Bill of Materials (BOM)
		</description>
		<m:dependency.management__org.mockito__mockito-core__version>4.11.0</m:dependency.management__org.mockito__mockito-core__version>
		<m:dependency.management__org.mockito__mockito-android__version>4.11.0</m:dependency.management__org.mockito__mockito-android__version>
		<m:dependency.management__org.mockito__mockito-errorprone__version>4.11.0</m:dependency.management__org.mockito__mockito-errorprone__version>
		<m:dependency.management__org.mockito__mockito-inline__version>4.11.0</m:dependency.management__org.mockito__mockito-inline__version>
		<m:dependency.management__org.mockito__mockito-junit-jupiter__version>4.11.0</m:dependency.management__org.mockito__mockito-junit-jupiter__version>
		<m:dependency.management__org.mockito__mockito-proxy__version>4.11.0</m:dependency.management__org.mockito__mockito-proxy__version>
		<m:dependency.management__org.mockito__mockito-subclass__version>4.11.0</m:dependency.management__org.mockito__mockito-subclass__version>
	</info>
	<configurations>
		<conf name="default" visibility="public" description="runtime dependencies and master artifact can be used with this conf" extends="runtime,master"/>
		<conf name="master" visibility="public" description="contains only the artifact published by this module itself, with no transitive dependencies"/>
		<conf name="compile" visibility="public" description="this is the default scope, used if none is specified. Compile dependencies are available in all classpaths."/>
		<conf name="provided" visibility="public" description="this is much like compile, but indicates you expect the JDK or a container to provide it. It is only available on the compilation classpath, and is not transitive."/>
		<conf name="runtime" visibility="public" description="this scope indicates that the dependency is not required for compilation, but is for execution. It is in the runtime and test classpaths, but not the compile classpath." extends="compile"/>
		<conf name="test" visibility="public" description="this scope indicates that the dependency is not required for normal use of the application, and is only available for the test compilation and execution phases." extends="runtime"/>
		<conf name="system" visibility="public" description="this scope is similar to provided except that you have to provide the JAR which contains it explicitly. The artifact is always available and is not looked up in a repository."/>
		<conf name="sources" visibility="public" description="this configuration contains the source artifact of this module, if any."/>
		<conf name="javadoc" visibility="public" description="this configuration contains the javadoc artifact of this module, if any."/>
		<conf name="optional" visibility="public" description="contains all optional dependencies"/>
	</configurations>
	<publications>
	</publications>
</ivy-module>
