<?xml version="1.0" encoding="UTF-8"?>
<ivy-module version="2.0" xmlns:m="http://ant.apache.org/ivy/maven">
	<info organisation="org.junit"
		module="junit-bom"
		revision="5.11.2"
		status="release"
		publication="20241004125613"
	>
		<license name="Eclipse Public License v2.0" url="https://www.eclipse.org/legal/epl-v20.html" />
		<description homepage="https://junit.org/junit5/">
		This Bill of Materials POM can be used to ease dependency management when referencing multiple JUnit artifacts using Gradle or Maven.
		</description>
		<m:dependency.management__org.junit.jupiter__junit-jupiter__version>5.11.2</m:dependency.management__org.junit.jupiter__junit-jupiter__version>
		<m:dependency.management__org.junit.jupiter__junit-jupiter-api__version>5.11.2</m:dependency.management__org.junit.jupiter__junit-jupiter-api__version>
		<m:dependency.management__org.junit.jupiter__junit-jupiter-engine__version>5.11.2</m:dependency.management__org.junit.jupiter__junit-jupiter-engine__version>
		<m:dependency.management__org.junit.jupiter__junit-jupiter-migrationsupport__version>5.11.2</m:dependency.management__org.junit.jupiter__junit-jupiter-migrationsupport__version>
		<m:dependency.management__org.junit.jupiter__junit-jupiter-params__version>5.11.2</m:dependency.management__org.junit.jupiter__junit-jupiter-params__version>
		<m:dependency.management__org.junit.platform__junit-platform-commons__version>1.11.2</m:dependency.management__org.junit.platform__junit-platform-commons__version>
		<m:dependency.management__org.junit.platform__junit-platform-console__version>1.11.2</m:dependency.management__org.junit.platform__junit-platform-console__version>
		<m:dependency.management__org.junit.platform__junit-platform-engine__version>1.11.2</m:dependency.management__org.junit.platform__junit-platform-engine__version>
		<m:dependency.management__org.junit.platform__junit-platform-jfr__version>1.11.2</m:dependency.management__org.junit.platform__junit-platform-jfr__version>
		<m:dependency.management__org.junit.platform__junit-platform-launcher__version>1.11.2</m:dependency.management__org.junit.platform__junit-platform-launcher__version>
		<m:dependency.management__org.junit.platform__junit-platform-reporting__version>1.11.2</m:dependency.management__org.junit.platform__junit-platform-reporting__version>
		<m:dependency.management__org.junit.platform__junit-platform-runner__version>1.11.2</m:dependency.management__org.junit.platform__junit-platform-runner__version>
		<m:dependency.management__org.junit.platform__junit-platform-suite__version>1.11.2</m:dependency.management__org.junit.platform__junit-platform-suite__version>
		<m:dependency.management__org.junit.platform__junit-platform-suite-api__version>1.11.2</m:dependency.management__org.junit.platform__junit-platform-suite-api__version>
		<m:dependency.management__org.junit.platform__junit-platform-suite-commons__version>1.11.2</m:dependency.management__org.junit.platform__junit-platform-suite-commons__version>
		<m:dependency.management__org.junit.platform__junit-platform-suite-engine__version>1.11.2</m:dependency.management__org.junit.platform__junit-platform-suite-engine__version>
		<m:dependency.management__org.junit.platform__junit-platform-testkit__version>1.11.2</m:dependency.management__org.junit.platform__junit-platform-testkit__version>
		<m:dependency.management__org.junit.vintage__junit-vintage-engine__version>5.11.2</m:dependency.management__org.junit.vintage__junit-vintage-engine__version>
	</info>
	<configurations>
		<conf name="default" visibility="public" description="runtime dependencies and master artifact can be used with this conf" extends="runtime,master"/>
		<conf name="master" visibility="public" description="contains only the artifact published by this module itself, with no transitive dependencies"/>
		<conf name="compile" visibility="public" description="this is the default scope, used if none is specified. Compile dependencies are available in all classpaths."/>
		<conf name="provided" visibility="public" description="this is much like compile, but indicates you expect the JDK or a container to provide it. It is only available on the compilation classpath, and is not transitive."/>
		<conf name="runtime" visibility="public" description="this scope indicates that the dependency is not required for compilation, but is for execution. It is in the runtime and test classpaths, but not the compile classpath." extends="compile"/>
		<conf name="test" visibility="public" description="this scope indicates that the dependency is not required for normal use of the application, and is only available for the test compilation and execution phases." extends="runtime"/>
		<conf name="system" visibility="public" description="this scope is similar to provided except that you have to provide the JAR which contains it explicitly. The artifact is always available and is not looked up in a repository."/>
		<conf name="sources" visibility="public" description="this configuration contains the source artifact of this module, if any."/>
		<conf name="javadoc" visibility="public" description="this configuration contains the javadoc artifact of this module, if any."/>
		<conf name="optional" visibility="public" description="contains all optional dependencies"/>
	</configurations>
	<publications>
	</publications>
</ivy-module>
