<?xml version="1.0" encoding="UTF-8"?>
<ivy-module version="2.0" xmlns:m="http://ant.apache.org/ivy/maven">
	<info organisation="org.apache.commons"
		module="commons-compress"
		revision="1.27.1"
		status="release"
		publication="20240817003457"
	>
		<license name="Apache-2.0" url="https://www.apache.org/licenses/LICENSE-2.0.txt" />
		<description homepage="https://commons.apache.org/proper/commons-compress/">
		Apache Commons Compress defines an API for working with
compression and archive formats. These include bzip2, gzip, pack200,
LZMA, XZ, Snappy, traditional Unix Compress, DEFLATE, DEFLATE64, LZ4,
Brotli, Zstandard and ar, cpio, jar, tar, zip, dump, 7z, arj.
		</description>
		<m:properties__commons.release.next>1.27.2</m:properties__commons.release.next>
		<m:properties__commons.release.version>1.27.1</m:properties__commons.release.version>
		<m:properties__commons.bc.version>1.27.0</m:properties__commons.bc.version>
		<m:properties__commons.spdx.version>0.5.5</m:properties__commons.spdx.version>
		<m:properties__commons.jira.id>COMPRESS</m:properties__commons.jira.id>
		<m:properties__commons.jacoco.methodRatio>0.87</m:properties__commons.jacoco.methodRatio>
		<m:properties__commons.jacoco.branchRatio>0.75</m:properties__commons.jacoco.branchRatio>
		<m:properties__commons.jacoco.classRatio>0.96</m:properties__commons.jacoco.classRatio>
		<m:properties__commons.jacoco.instructionRatio>0.84</m:properties__commons.jacoco.instructionRatio>
		<m:properties__commons.osgi.import>
      org.tukaani.xz;resolution:=optional,
      org.brotli.dec;resolution:=optional,
      com.github.luben.zstd;resolution:=optional,
      org.objectweb.asm;resolution:=optional,
      javax.crypto.*;resolution:=optional,
      org.apache.commons.io;resolution:=optional,
      org.apache.commons.io.*;resolution:=optional,
      org.apache.commons.lang3;resolution:=optional,
      org.apache.commons.lang3.reflect;resolution:=optional,
      org.apache.commons.codec;resolution:=optional,
      org.apache.commons.codec.digest;resolution:=optional,
      *
    </m:properties__commons.osgi.import>
		<m:properties__commons.manifestlocation>${project.build.outputDirectory}/META-INF</m:properties__commons.manifestlocation>
		<m:properties__commons.manifestfile>${commons.manifestlocation}/MANIFEST.MF</m:properties__commons.manifestfile>
		<m:properties__pax.exam.version>4.13.5</m:properties__pax.exam.version>
		<m:properties__slf4j.version>2.0.16</m:properties__slf4j.version>
		<m:properties__commons.componentid>compress</m:properties__commons.componentid>
		<m:properties__asm.version>9.7</m:properties__asm.version>
		<m:properties__commons.jacoco.complexityRatio>0.72</m:properties__commons.jacoco.complexityRatio>
		<m:properties__commons.changes.onlyCurrentVersion>true</m:properties__commons.changes.onlyCurrentVersion>
		<m:properties__commons.module.name>org.apache.commons.compress</m:properties__commons.module.name>
		<m:properties__commons.jacoco.haltOnFailure>true</m:properties__commons.jacoco.haltOnFailure>
		<m:properties__commons.jacoco.lineRatio>0.86</m:properties__commons.jacoco.lineRatio>
		<m:properties__maven.compiler.source>1.8</m:properties__maven.compiler.source>
		<m:properties__mockito.version>4.11.0</m:properties__mockito.version>
		<m:properties__commons.jira.pid>12310904</m:properties__commons.jira.pid>
		<m:properties__commons.distSvnStagingUrl>scm:svn:https://dist.apache.org/repos/dist/dev/commons/${commons.componentid}</m:properties__commons.distSvnStagingUrl>
		<m:properties__commons.rc.version>RC1</m:properties__commons.rc.version>
		<m:properties__maven.compiler.target>1.8</m:properties__maven.compiler.target>
		<m:properties__commons.scmPubUrl>https://svn.apache.org/repos/infra/websites/production/commons/content/proper/${project.artifactId}</m:properties__commons.scmPubUrl>
		<m:properties__japicmp.skip>false</m:properties__japicmp.skip>
		<m:properties__project.build.outputTimestamp>2024-08-16T20:14:44Z</m:properties__project.build.outputTimestamp>
		<m:properties__commons.release.isDistModule>true</m:properties__commons.release.isDistModule>
		<m:properties__commons.pmd-impl.version>7.2.0</m:properties__commons.pmd-impl.version>
		<m:properties__maven.compiler.release>8</m:properties__maven.compiler.release>
		<m:properties__animal.sniffer.skip>true</m:properties__animal.sniffer.skip>
		<m:properties__coveralls.skip>true</m:properties__coveralls.skip>
		<m:properties__commons.assembly-plugin.version>3.7.1</m:properties__commons.assembly-plugin.version>
		<m:properties__commons.jxr.version>3.4.0</m:properties__commons.jxr.version>
		<m:properties__commons.javadoc.java.link>https://docs.oracle.com/en/java/javase/21/docs/api/</m:properties__commons.javadoc.java.link>
		<m:properties__sonar.host.url>https://analysis.apache.org/</m:properties__sonar.host.url>
		<m:properties__commons.javadoc.javaee7.link>https://docs.oracle.com/javaee/7/api/</m:properties__commons.javadoc.javaee7.link>
		<m:properties__commons.osgi.dynamicImport/>
		<m:properties__commons.release.4.desc/>
		<m:properties__commons.release.4.binary.suffix>-bin</m:properties__commons.release.4.binary.suffix>
		<m:properties__commons.osgi.private/>
		<m:properties__commons.javadoc.javaee6.link>https://docs.oracle.com/javaee/6/api/</m:properties__commons.javadoc.javaee6.link>
		<m:properties__commons.cobertura.version>2.7</m:properties__commons.cobertura.version>
		<m:properties__commons.osgi.symbolicName>org.apache.commons.${commons.packageId}</m:properties__commons.osgi.symbolicName>
		<m:properties__commons.spotbugs.impl.version>4.8.6</m:properties__commons.spotbugs.impl.version>
		<m:properties__commons.site-plugin.version>3.12.1</m:properties__commons.site-plugin.version>
		<m:properties__commons.javadoc.javaee8.link>https://jakarta.ee/specifications/platform/8/apidocs/</m:properties__commons.javadoc.javaee8.link>
		<m:properties__commons.javadoc.javaee5.link>https://docs.oracle.com/javaee/5/api/</m:properties__commons.javadoc.javaee5.link>
		<m:properties__commons.release.3.name>${project.artifactId}-${commons.release.3.version}</m:properties__commons.release.3.name>
		<m:properties__commons.release.3.desc/>
		<m:properties__commons.build-helper.version>3.6.0</m:properties__commons.build-helper.version>
		<m:properties__commons.packageId>${project.artifactId}</m:properties__commons.packageId>
		<m:properties__commons.japicmp.ignoreMissingClasses>false</m:properties__commons.japicmp.ignoreMissingClasses>
		<m:properties__commons.compiler.fork>false</m:properties__commons.compiler.fork>
		<m:properties__commons.surefire-report.aggregate>false</m:properties__commons.surefire-report.aggregate>
		<m:properties__commons.javadoc.javaee9.link>https://jakarta.ee/specifications/platform/9/apidocs/</m:properties__commons.javadoc.javaee9.link>
		<m:properties__commons.animal-sniffer.signature.version>1.0</m:properties__commons.animal-sniffer.signature.version>
		<m:properties__commons.javadoc.version>3.8.0</m:properties__commons.javadoc.version>
		<m:properties__commons.build-plugin.version>1.14.0</m:properties__commons.build-plugin.version>
		<m:properties__commons.javadoc.javaee9.1.link>https://jakarta.ee/specifications/platform/9.1/apidocs/</m:properties__commons.javadoc.javaee9.1.link>
		<m:properties__commons.project-info.version>3.6.2</m:properties__commons.project-info.version>
		<m:properties__commons.jar-plugin.version>3.4.2</m:properties__commons.jar-plugin.version>
		<m:properties__project.reporting.outputEncoding>${commons.encoding}</m:properties__project.reporting.outputEncoding>
		<m:properties__commons.surefire.version>3.3.1</m:properties__commons.surefire.version>
		<m:properties__commons.checkstyle.version>9.3</m:properties__commons.checkstyle.version>
		<m:properties__commons.release.2.name>${project.artifactId}-${commons.release.2.version}</m:properties__commons.release.2.name>
		<m:properties__commons.animal-sniffer.version>1.24</m:properties__commons.animal-sniffer.version>
		<m:properties__commons.buildnumber-plugin.version>3.2.0</m:properties__commons.buildnumber-plugin.version>
		<m:properties__commons.release.2.desc/>
		<m:properties__commons.compiler.compilerVersion/>
		<m:properties__commons.cyclonedx.version>2.8.0</m:properties__commons.cyclonedx.version>
		<m:properties__commons.release-plugin.version>1.8.2</m:properties__commons.release-plugin.version>
		<m:properties__commons.compiler.javadoc/>
		<m:properties__commons.moditect-maven-plugin.addServiceUses>true</m:properties__commons.moditect-maven-plugin.addServiceUses>
		<m:properties__commons.site.path>${commons.componentid}</m:properties__commons.site.path>
		<m:properties__commons.osgi.export>org.apache.commons.*;version=${project.version};-noimport:=true</m:properties__commons.osgi.export>
		<m:properties__commons.scmPubCheckoutDirectory>${commons.site.cache}/${commons.site.path}</m:properties__commons.scmPubCheckoutDirectory>
		<m:properties__commons.moditect-maven-plugin.version>1.2.2.Final</m:properties__commons.moditect-maven-plugin.version>
		<m:properties__commons.jmh.version>1.37</m:properties__commons.jmh.version>
		<m:properties__commons.release.name>${project.artifactId}-${commons.release.version}</m:properties__commons.release.name>
		<m:properties__commons.failsafe.version>3.3.1</m:properties__commons.failsafe.version>
		<m:properties__changes.announcementDirectory>.</m:properties__changes.announcementDirectory>
		<m:properties__minimalJavaBuildVersion>8</m:properties__minimalJavaBuildVersion>
		<m:properties__commons.conf.dir>src/conf</m:properties__commons.conf.dir>
		<m:properties__commons.binary.suffix>-bin</m:properties__commons.binary.suffix>
		<m:properties__commons.spotbugs.plugin.version>4.8.6.2</m:properties__commons.spotbugs.plugin.version>
		<m:properties__commons.junit.version>5.11.0-M2</m:properties__commons.junit.version>
		<m:properties__commons.pmd.version>3.24.0</m:properties__commons.pmd.version>
		<m:properties__minSeverity>info</m:properties__minSeverity>
		<m:properties__commons.javadoc.javaee.link>${commons.javadoc.javaee6.link}</m:properties__commons.javadoc.javaee.link>
		<m:properties__commons.checkstyle-plugin.version>3.4.0</m:properties__commons.checkstyle-plugin.version>
		<m:properties__commons.scm-publish.version>1.1</m:properties__commons.scm-publish.version>
		<m:properties__commons.wagon-ssh.version>3.5.3</m:properties__commons.wagon-ssh.version>
		<m:properties__commons.jacoco.version>0.8.12</m:properties__commons.jacoco.version>
		<m:properties__commons.scmPubServer>commons.site</m:properties__commons.scmPubServer>
		<m:properties__commons.release.3.binary.suffix>-bin</m:properties__commons.release.3.binary.suffix>
		<m:properties__commons.felix.version>5.1.9</m:properties__commons.felix.version>
		<m:properties__version.maven-source-plugin>3.2.1</m:properties__version.maven-source-plugin>
		<m:properties__commons.encoding>iso-8859-1</m:properties__commons.encoding>
		<m:properties__commons.biz.aQute.bndlib.version>6.4.1</m:properties__commons.biz.aQute.bndlib.version>
		<m:properties__commons.changes.runOnlyAtExecutionRoot>false</m:properties__commons.changes.runOnlyAtExecutionRoot>
		<m:properties__commons.compiler.release>8</m:properties__commons.compiler.release>
		<m:properties__changes.announcementFile>RELEASE-NOTES.txt</m:properties__changes.announcementFile>
		<m:properties__commons.japicmp.version>0.21.2</m:properties__commons.japicmp.version>
		<m:properties__commons.release.2.binary.suffix>-bin</m:properties__commons.release.2.binary.suffix>
		<m:properties__project.build.sourceEncoding>${commons.encoding}</m:properties__project.build.sourceEncoding>
		<m:properties__commons.deployment.protocol>scp</m:properties__commons.deployment.protocol>
		<m:properties__commons.site.cache>${user.home}/commons-sites</m:properties__commons.site.cache>
		<m:properties__commons.release.desc/>
		<m:properties__commons.surefire-report.version>3.3.1</m:properties__commons.surefire-report.version>
		<m:properties__commons.japicmp.breakBuildOnSourceIncompatibleModifications>false</m:properties__commons.japicmp.breakBuildOnSourceIncompatibleModifications>
		<m:properties__commons.japicmp.breakBuildOnBinaryIncompatibleModifications>true</m:properties__commons.japicmp.breakBuildOnBinaryIncompatibleModifications>
		<m:properties__commons.javadoc.javaee10.link>https://jakarta.ee/specifications/platform/10/apidocs/</m:properties__commons.javadoc.javaee10.link>
		<m:properties__commons.compiler.javac/>
		<m:properties__minimalMavenBuildVersion>3.6.3</m:properties__minimalMavenBuildVersion>
		<m:properties__commons.docEncoding>${commons.encoding}</m:properties__commons.docEncoding>
		<m:properties__commons.rat.version>0.16.1</m:properties__commons.rat.version>
		<m:properties__commons.compiler.version>3.13.0</m:properties__commons.compiler.version>
		<m:properties__commons.changes.maxEntries>100</m:properties__commons.changes.maxEntries>
		<m:properties__commons.changes.version>2.12.1</m:properties__commons.changes.version>
		<m:properties__commons.osgi.excludeDependencies>true</m:properties__commons.osgi.excludeDependencies>
		<m:properties__animal-sniffer.signature>java${javaTarget.majorVersion}${javaTarget.minorVersion}</m:properties__animal-sniffer.signature>
		<m:properties__moditect.java.version>9</m:properties__moditect.java.version>
		<m:properties__distMgmtReleasesUrl>https://repository.apache.org/service/local/staging/deploy/maven2</m:properties__distMgmtReleasesUrl>
		<m:properties__version.maven-plugin-tools>3.13.1</m:properties__version.maven-plugin-tools>
		<m:properties__distMgmtSnapshotsUrl>https://repository.apache.org/content/repositories/snapshots</m:properties__distMgmtSnapshotsUrl>
		<m:properties__version.maven-deploy-plugin>3.1.2</m:properties__version.maven-deploy-plugin>
		<m:properties__sourceReleaseAssemblyDescriptor>source-release</m:properties__sourceReleaseAssemblyDescriptor>
		<m:properties__distMgmtSnapshotsId>apache.snapshots.https</m:properties__distMgmtSnapshotsId>
		<m:properties__organization.logo>https://www.apache.org/images/asf_logo_wide_2016.png</m:properties__organization.logo>
		<m:properties__version.maven-compiler-plugin>3.13.0</m:properties__version.maven-compiler-plugin>
		<m:properties__version.maven-gpg-plugin>3.2.4</m:properties__version.maven-gpg-plugin>
		<m:properties__version.maven-enforcer-plugin>3.5.0</m:properties__version.maven-enforcer-plugin>
		<m:properties__distMgmtSnapshotsName>Apache Development Snapshot Repository</m:properties__distMgmtSnapshotsName>
		<m:properties__version.maven-scm-publish-plugin>3.3.0</m:properties__version.maven-scm-publish-plugin>
		<m:properties__version.apache-resource-bundles>1.5</m:properties__version.apache-resource-bundles>
		<m:properties__distMgmtReleasesName>Apache Release Distribution Repository</m:properties__distMgmtReleasesName>
		<m:properties__version.checksum-maven-plugin>1.11</m:properties__version.checksum-maven-plugin>
		<m:properties__version.maven-clean-plugin>3.4.0</m:properties__version.maven-clean-plugin>
		<m:properties__version.maven-site-plugin>3.12.1</m:properties__version.maven-site-plugin>
		<m:properties__version.maven-release-plugin>3.1.0</m:properties__version.maven-release-plugin>
		<m:properties__gpg.useagent>true</m:properties__gpg.useagent>
		<m:properties__version.maven-surefire>${surefire.version}</m:properties__version.maven-surefire>
		<m:properties__version.maven-project-info-reports-plugin>3.6.1</m:properties__version.maven-project-info-reports-plugin>
		<m:properties__version.apache-rat-plugin>0.16.1</m:properties__version.apache-rat-plugin>
		<m:properties__version.maven-help-plugin>3.4.1</m:properties__version.maven-help-plugin>
		<m:properties__version.maven-ear-plugin>3.3.0</m:properties__version.maven-ear-plugin>
		<m:properties__surefire.version>3.3.0</m:properties__surefire.version>
		<m:properties__version.maven-shade-plugin>3.6.0</m:properties__version.maven-shade-plugin>
		<m:properties__version.maven-invoker-plugin>3.7.0</m:properties__version.maven-invoker-plugin>
		<m:properties__assembly.tarLongFileMode>posix</m:properties__assembly.tarLongFileMode>
		<m:properties__version.maven-remote-resources-plugin>3.2.0</m:properties__version.maven-remote-resources-plugin>
		<m:properties__version.maven-war-plugin>3.4.0</m:properties__version.maven-war-plugin>
		<m:properties__distMgmtReleasesId>apache.releases.https</m:properties__distMgmtReleasesId>
		<m:properties__version.maven-fluido-skin>1.12.0</m:properties__version.maven-fluido-skin>
		<m:properties__version.maven-assembly-plugin>3.7.1</m:properties__version.maven-assembly-plugin>
		<m:properties__version.maven-resources-plugin>3.3.1</m:properties__version.maven-resources-plugin>
		<m:properties__version.maven-jar-plugin>3.4.2</m:properties__version.maven-jar-plugin>
		<m:properties__version.maven-checkstyle-plugin>3.4.0</m:properties__version.maven-checkstyle-plugin>
		<m:properties__version.maven-scm-plugin>2.1.0</m:properties__version.maven-scm-plugin>
		<m:properties__version.maven-dependency-plugin>3.7.1</m:properties__version.maven-dependency-plugin>
		<m:properties__version.maven-javadoc-plugin>3.7.0</m:properties__version.maven-javadoc-plugin>
		<m:properties__version.maven-antrun-plugin>3.1.0</m:properties__version.maven-antrun-plugin>
		<m:properties__version.maven-install-plugin>3.1.2</m:properties__version.maven-install-plugin>
		<m:dependency.management__org.apache.maven.plugin-tools__maven-plugin-annotations__version>3.13.1</m:dependency.management__org.apache.maven.plugin-tools__maven-plugin-annotations__version>
		<m:maven.plugins>org.apache.maven.plugins__maven-remote-resources-plugin__null|org.apache.maven.plugins__maven-enforcer-plugin__null|org.apache.maven.plugins__maven-site-plugin__null|org.apache.maven.plugins__maven-remote-resources-plugin__null|org.apache.maven.plugins__maven-enforcer-plugin__null|org.apache.maven.plugins__maven-site-plugin__null|null__maven-assembly-plugin__null|org.apache.maven.plugins__maven-antrun-plugin__null|org.apache.maven.plugins__maven-compiler-plugin__null|org.apache.maven.plugins__maven-jar-plugin__3.4.2|null__maven-source-plugin__null|org.apache.maven.plugins__maven-surefire-plugin__3.3.1|org.apache.commons__commons-build-plugin__null|org.apache.felix__maven-bundle-plugin__null|org.apache.rat__apache-rat-plugin__null|org.apache.maven.plugins__maven-artifact-plugin__null|org.apache.maven.plugins__maven-scm-publish-plugin__null|org.codehaus.mojo__versions-maven-plugin__null|org.cyclonedx__cyclonedx-maven-plugin__null|org.spdx__spdx-maven-plugin__null|org.codehaus.mojo__build-helper-maven-plugin__null|org.codehaus.mojo__animal-sniffer-maven-plugin__1.24|com.github.siom79.japicmp__japicmp-maven-plugin__null|org.codehaus.mojo__buildnumber-maven-plugin__null|org.moditect__moditect-maven-plugin__1.2.2.Final|org.apache.maven.plugins__maven-remote-resources-plugin__null|org.apache.maven.plugins__maven-enforcer-plugin__null|org.apache.maven.plugins__maven-site-plugin__null|org.apache.maven.plugins__maven-remote-resources-plugin__null|org.apache.maven.plugins__maven-enforcer-plugin__null|org.apache.maven.plugins__maven-site-plugin__null|null__maven-assembly-plugin__null|org.apache.maven.plugins__maven-antrun-plugin__null|org.apache.maven.plugins__maven-compiler-plugin__null|org.apache.maven.plugins__maven-jar-plugin__3.4.2|null__maven-source-plugin__null|org.apache.maven.plugins__maven-surefire-plugin__3.3.1|org.apache.commons__commons-build-plugin__null|org.apache.felix__maven-bundle-plugin__null|org.apache.rat__apache-rat-plugin__null|org.apache.maven.plugins__maven-artifact-plugin__null|org.apache.maven.plugins__maven-scm-publish-plugin__null|org.codehaus.mojo__versions-maven-plugin__null|org.cyclonedx__cyclonedx-maven-plugin__null|org.spdx__spdx-maven-plugin__null|org.codehaus.mojo__build-helper-maven-plugin__null|org.codehaus.mojo__animal-sniffer-maven-plugin__1.24|com.github.siom79.japicmp__japicmp-maven-plugin__null|org.codehaus.mojo__buildnumber-maven-plugin__null|org.moditect__moditect-maven-plugin__1.2.2.Final|null__maven-assembly-plugin__null|null__maven-jar-plugin__null|org.apache.felix__maven-bundle-plugin__null|org.apache.maven.plugins__maven-scm-publish-plugin__null|org.apache.maven.plugins__maven-pmd-plugin__null|com.github.spotbugs__spotbugs-maven-plugin__null|org.apache.maven.plugins__maven-antrun-plugin__null|null__maven-surefire-plugin__null|org.apache.maven.plugins__maven-checkstyle-plugin__null|org.apache.maven.plugins__maven-javadoc-plugin__null|org.apache.maven.plugins__maven-surefire-plugin__null</m:maven.plugins>
		<m:dependency.management__org.junit.jupiter__junit-jupiter__version>5.11.0-M2</m:dependency.management__org.junit.jupiter__junit-jupiter__version>
		<m:dependency.management__org.junit.jupiter__junit-jupiter-api__version>5.11.0-M2</m:dependency.management__org.junit.jupiter__junit-jupiter-api__version>
		<m:dependency.management__org.junit.jupiter__junit-jupiter-engine__version>5.11.0-M2</m:dependency.management__org.junit.jupiter__junit-jupiter-engine__version>
		<m:dependency.management__org.junit.jupiter__junit-jupiter-migrationsupport__version>5.11.0-M2</m:dependency.management__org.junit.jupiter__junit-jupiter-migrationsupport__version>
		<m:dependency.management__org.junit.jupiter__junit-jupiter-params__version>5.11.0-M2</m:dependency.management__org.junit.jupiter__junit-jupiter-params__version>
		<m:dependency.management__org.junit.platform__junit-platform-commons__version>1.11.0-M2</m:dependency.management__org.junit.platform__junit-platform-commons__version>
		<m:dependency.management__org.junit.platform__junit-platform-console__version>1.11.0-M2</m:dependency.management__org.junit.platform__junit-platform-console__version>
		<m:dependency.management__org.junit.platform__junit-platform-engine__version>1.11.0-M2</m:dependency.management__org.junit.platform__junit-platform-engine__version>
		<m:dependency.management__org.junit.platform__junit-platform-jfr__version>1.11.0-M2</m:dependency.management__org.junit.platform__junit-platform-jfr__version>
		<m:dependency.management__org.junit.platform__junit-platform-launcher__version>1.11.0-M2</m:dependency.management__org.junit.platform__junit-platform-launcher__version>
		<m:dependency.management__org.junit.platform__junit-platform-reporting__version>1.11.0-M2</m:dependency.management__org.junit.platform__junit-platform-reporting__version>
		<m:dependency.management__org.junit.platform__junit-platform-runner__version>1.11.0-M2</m:dependency.management__org.junit.platform__junit-platform-runner__version>
		<m:dependency.management__org.junit.platform__junit-platform-suite__version>1.11.0-M2</m:dependency.management__org.junit.platform__junit-platform-suite__version>
		<m:dependency.management__org.junit.platform__junit-platform-suite-api__version>1.11.0-M2</m:dependency.management__org.junit.platform__junit-platform-suite-api__version>
		<m:dependency.management__org.junit.platform__junit-platform-suite-commons__version>1.11.0-M2</m:dependency.management__org.junit.platform__junit-platform-suite-commons__version>
		<m:dependency.management__org.junit.platform__junit-platform-suite-engine__version>1.11.0-M2</m:dependency.management__org.junit.platform__junit-platform-suite-engine__version>
		<m:dependency.management__org.junit.platform__junit-platform-testkit__version>1.11.0-M2</m:dependency.management__org.junit.platform__junit-platform-testkit__version>
		<m:dependency.management__org.junit.vintage__junit-vintage-engine__version>5.11.0-M2</m:dependency.management__org.junit.vintage__junit-vintage-engine__version>
	</info>
	<configurations>
		<conf name="default" visibility="public" description="runtime dependencies and master artifact can be used with this conf" extends="runtime,master"/>
		<conf name="master" visibility="public" description="contains only the artifact published by this module itself, with no transitive dependencies"/>
		<conf name="compile" visibility="public" description="this is the default scope, used if none is specified. Compile dependencies are available in all classpaths."/>
		<conf name="provided" visibility="public" description="this is much like compile, but indicates you expect the JDK or a container to provide it. It is only available on the compilation classpath, and is not transitive."/>
		<conf name="runtime" visibility="public" description="this scope indicates that the dependency is not required for compilation, but is for execution. It is in the runtime and test classpaths, but not the compile classpath." extends="compile"/>
		<conf name="test" visibility="public" description="this scope indicates that the dependency is not required for normal use of the application, and is only available for the test compilation and execution phases." extends="runtime"/>
		<conf name="system" visibility="public" description="this scope is similar to provided except that you have to provide the JAR which contains it explicitly. The artifact is always available and is not looked up in a repository."/>
		<conf name="sources" visibility="public" description="this configuration contains the source artifact of this module, if any."/>
		<conf name="javadoc" visibility="public" description="this configuration contains the javadoc artifact of this module, if any."/>
		<conf name="optional" visibility="public" description="contains all optional dependencies"/>
	</configurations>
	<publications>
		<artifact name="commons-compress" type="jar" ext="jar" conf="master"/>
		<artifact name="commons-compress" type="source" ext="jar" conf="sources" m:classifier="sources"/>
		<artifact name="commons-compress" type="javadoc" ext="jar" conf="javadoc" m:classifier="javadoc"/>
	</publications>
	<dependencies>
		<dependency org="org.junit.jupiter" name="junit-jupiter-params" rev="5.11.0-M2" force="true" conf="test->runtime(*),master(*)"/>
		<dependency org="org.junit.vintage" name="junit-vintage-engine" rev="5.11.0-M2" force="true" conf="test->runtime(*),master(*)"/>
		<dependency org="org.hamcrest" name="hamcrest" rev="3.0" force="true" conf="test->runtime(*),master(*)"/>
		<dependency org="com.github.luben" name="zstd-jni" rev="1.5.6-4" force="true" conf="optional->compile(*),master(*)"/>
		<dependency org="org.brotli" name="dec" rev="0.1.2" force="true" conf="optional->compile(*),master(*)"/>
		<dependency org="org.tukaani" name="xz" rev="1.10" force="true" conf="optional->compile(*),master(*)"/>
		<dependency org="commons-codec" name="commons-codec" rev="1.17.1" force="true" conf="compile->compile(*),master(*);runtime->runtime(*)"/>
		<dependency org="org.ow2.asm" name="asm" rev="9.7" force="true" conf="optional->compile(*),master(*)"/>
		<dependency org="org.mockito" name="mockito-core" rev="4.11.0" force="true" conf="test->runtime(*),master(*)"/>
		<dependency org="org.mockito" name="mockito-junit-jupiter" rev="4.11.0" force="true" conf="test->runtime(*),master(*)"/>
		<dependency org="com.github.marschall" name="memoryfilesystem" rev="2.8.0" force="true" conf="test->runtime(*),master(*)"/>
		<dependency org="org.ops4j.pax.exam" name="pax-exam-container-native" rev="4.13.5" force="true" conf="test->runtime(*),master(*)"/>
		<dependency org="org.ops4j.pax.exam" name="pax-exam-junit4" rev="4.13.5" force="true" conf="test->runtime(*),master(*)"/>
		<dependency org="org.ops4j.pax.exam" name="pax-exam-cm" rev="4.13.5" force="true" conf="test->runtime(*),master(*)"/>
		<dependency org="org.ops4j.pax.exam" name="pax-exam-link-mvn" rev="4.13.5" force="true" conf="test->runtime(*),master(*)"/>
		<dependency org="org.apache.felix" name="org.apache.felix.framework" rev="7.0.5" force="true" conf="test->runtime(*),master(*)"/>
		<dependency org="javax.inject" name="javax.inject" rev="1" force="true" conf="test->runtime(*),master(*)"/>
		<dependency org="commons-io" name="commons-io" rev="2.16.1" force="true" conf="compile->compile(*),master(*);runtime->runtime(*)"/>
		<dependency org="org.apache.commons" name="commons-lang3" rev="3.16.0" force="true" conf="compile->compile(*),master(*);runtime->runtime(*)"/>
		<dependency org="org.osgi" name="org.osgi.core" rev="6.0.0" force="true" conf="provided->compile(*),provided(*),runtime(*),master(*)"/>
		<override org="org.apache.maven.plugin-tools" module="maven-plugin-annotations" matcher="exact" rev="3.13.1"/>
		<override org="org.junit.jupiter" module="junit-jupiter" matcher="exact" rev="5.11.0-M2"/>
		<override org="org.junit.jupiter" module="junit-jupiter-api" matcher="exact" rev="5.11.0-M2"/>
		<override org="org.junit.jupiter" module="junit-jupiter-engine" matcher="exact" rev="5.11.0-M2"/>
		<override org="org.junit.jupiter" module="junit-jupiter-migrationsupport" matcher="exact" rev="5.11.0-M2"/>
		<override org="org.junit.jupiter" module="junit-jupiter-params" matcher="exact" rev="5.11.0-M2"/>
		<override org="org.junit.platform" module="junit-platform-commons" matcher="exact" rev="1.11.0-M2"/>
		<override org="org.junit.platform" module="junit-platform-console" matcher="exact" rev="1.11.0-M2"/>
		<override org="org.junit.platform" module="junit-platform-engine" matcher="exact" rev="1.11.0-M2"/>
		<override org="org.junit.platform" module="junit-platform-jfr" matcher="exact" rev="1.11.0-M2"/>
		<override org="org.junit.platform" module="junit-platform-launcher" matcher="exact" rev="1.11.0-M2"/>
		<override org="org.junit.platform" module="junit-platform-reporting" matcher="exact" rev="1.11.0-M2"/>
		<override org="org.junit.platform" module="junit-platform-runner" matcher="exact" rev="1.11.0-M2"/>
		<override org="org.junit.platform" module="junit-platform-suite" matcher="exact" rev="1.11.0-M2"/>
		<override org="org.junit.platform" module="junit-platform-suite-api" matcher="exact" rev="1.11.0-M2"/>
		<override org="org.junit.platform" module="junit-platform-suite-commons" matcher="exact" rev="1.11.0-M2"/>
		<override org="org.junit.platform" module="junit-platform-suite-engine" matcher="exact" rev="1.11.0-M2"/>
		<override org="org.junit.platform" module="junit-platform-testkit" matcher="exact" rev="1.11.0-M2"/>
		<override org="org.junit.vintage" module="junit-vintage-engine" matcher="exact" rev="5.11.0-M2"/>
	</dependencies>
</ivy-module>
