<?xml version="1.0" encoding="UTF-8"?>
<ivy-module version="2.0" xmlns:m="http://ant.apache.org/ivy/maven">
	<info organisation="com.fasterxml"
		module="oss-parent"
		revision="58"
		status="release"
		publication="20240219214914"
	>
		<license name="The Apache Software License, Version 2.0" url="http://www.apache.org/licenses/LICENSE-2.0.txt" />
		<description homepage="http://github.com/FasterXML/">
		FasterXML.com parent pom
		</description>
		<m:properties__osgi.includeResource>{maven-resources}</m:properties__osgi.includeResource>
		<m:properties__osgi.private/>
		<m:properties__version.plugin.clean>3.3.2</m:properties__version.plugin.clean>
		<m:properties__version.assertj>3.24.2</m:properties__version.assertj>
		<m:properties__osgi.import>*</m:properties__osgi.import>
		<m:properties__version.plugin.javadoc>3.6.2</m:properties__version.plugin.javadoc>
		<m:properties__version.plugin.dependency>3.6.1</m:properties__version.plugin.dependency>
		<m:properties__version.plugin.source>3.3.0</m:properties__version.plugin.source>
		<m:properties__javadoc.maxmemory>1g</m:properties__javadoc.maxmemory>
		<m:properties__version.plugin.cobertura>2.7</m:properties__version.plugin.cobertura>
		<m:properties__project.build.resourceEncoding>UTF-8</m:properties__project.build.resourceEncoding>
		<m:properties__osgi.export>${project.groupId}.*;version=${project.version}</m:properties__osgi.export>
		<m:properties__javac.src.version>1.6</m:properties__javac.src.version>
		<m:properties__version.plugin.surefire>3.2.5</m:properties__version.plugin.surefire>
		<m:properties__version.plugin.release>3.0.1</m:properties__version.plugin.release>
		<m:properties__maven.build.timestamp.format>yyyy-MM-dd HH:mm:ssZ</m:properties__maven.build.timestamp.format>
		<m:properties__osgi.requiredExecutionEnvironment/>
		<m:properties__project.build.sourceEncoding>UTF-8</m:properties__project.build.sourceEncoding>
		<m:properties__osgi.versionpolicy>${range;[===,=+);${@}}</m:properties__osgi.versionpolicy>
		<m:properties__version.plugin.resources>3.3.1</m:properties__version.plugin.resources>
		<m:properties__version.plugin.moditect>1.1.0</m:properties__version.plugin.moditect>
		<m:properties__version.plugin.scm>2.0.1</m:properties__version.plugin.scm>
		<m:properties__version.plugin.gpg>3.1.0</m:properties__version.plugin.gpg>
		<m:properties__version.plugin.site>4.0.0-M11</m:properties__version.plugin.site>
		<m:properties__version.junit>4.13.2</m:properties__version.junit>
		<m:properties__javac.target.version>1.6</m:properties__javac.target.version>
		<m:properties__version.plugin.wrapper>3.2.0</m:properties__version.plugin.wrapper>
		<m:properties__version.plugin.enforcer>3.4.1</m:properties__version.plugin.enforcer>
		<m:properties__version.plugin.install>3.1.1</m:properties__version.plugin.install>
		<m:properties__version.junit5>5.10.2</m:properties__version.junit5>
		<m:properties__generatedSourcesDir>${project.build.directory}/generated-sources</m:properties__generatedSourcesDir>
		<m:properties__javac.debuglevel>lines,source,vars</m:properties__javac.debuglevel>
		<m:properties__version.plugin.jacoco>0.8.11</m:properties__version.plugin.jacoco>
		<m:properties__version.plugin.deploy>3.1.1</m:properties__version.plugin.deploy>
		<m:properties__version.plugin.jar>3.3.0</m:properties__version.plugin.jar>
		<m:properties__project.reporting.outputEncoding>UTF-8</m:properties__project.reporting.outputEncoding>
		<m:properties__osgi.mainClass/>
		<m:properties__version.plugin.bundle>5.1.9</m:properties__version.plugin.bundle>
		<m:properties__version.plugin.replacer>1.5.3</m:properties__version.plugin.replacer>
		<m:properties__version.plugin.shade>3.5.1</m:properties__version.plugin.shade>
		<m:properties__project.build.outputTimestamp>2024-02-19T21:48:46Z</m:properties__project.build.outputTimestamp>
		<m:properties__version.plugin.pmd>3.21.2</m:properties__version.plugin.pmd>
		<m:properties__osgi.dynamicImport/>
		<m:properties__version.plugin.compiler>3.12.1</m:properties__version.plugin.compiler>
		<m:maven.plugins>org.codehaus.mojo__build-helper-maven-plugin__null|org.jacoco__jacoco-maven-plugin__0.8.11|org.apache.maven.plugins__maven-compiler-plugin__3.12.1|org.apache.maven.plugins__maven-enforcer-plugin__3.4.1|org.apache.felix__maven-bundle-plugin__null|org.apache.maven.plugins__maven-jar-plugin__3.3.0|org.apache.maven.plugins__maven-scm-plugin__2.0.1|org.apache.maven.plugins__maven-site-plugin__null|org.apache.maven.plugins__maven-surefire-plugin__3.2.5</m:maven.plugins>
	</info>
	<configurations>
		<conf name="default" visibility="public" description="runtime dependencies and master artifact can be used with this conf" extends="runtime,master"/>
		<conf name="master" visibility="public" description="contains only the artifact published by this module itself, with no transitive dependencies"/>
		<conf name="compile" visibility="public" description="this is the default scope, used if none is specified. Compile dependencies are available in all classpaths."/>
		<conf name="provided" visibility="public" description="this is much like compile, but indicates you expect the JDK or a container to provide it. It is only available on the compilation classpath, and is not transitive."/>
		<conf name="runtime" visibility="public" description="this scope indicates that the dependency is not required for compilation, but is for execution. It is in the runtime and test classpaths, but not the compile classpath." extends="compile"/>
		<conf name="test" visibility="public" description="this scope indicates that the dependency is not required for normal use of the application, and is only available for the test compilation and execution phases." extends="runtime"/>
		<conf name="system" visibility="public" description="this scope is similar to provided except that you have to provide the JAR which contains it explicitly. The artifact is always available and is not looked up in a repository."/>
		<conf name="sources" visibility="public" description="this configuration contains the source artifact of this module, if any."/>
		<conf name="javadoc" visibility="public" description="this configuration contains the javadoc artifact of this module, if any."/>
		<conf name="optional" visibility="public" description="contains all optional dependencies"/>
	</configurations>
	<publications>
	</publications>
</ivy-module>
